use_image,retrieved_docs_count,use_few_shot,query_id,user_query,generated_question,generated_answer,citations,citation_1_text,citation_2_text,citation_3_text
False,1,True,01JERXCPZVT89F0YYXDKSPK0QS,Can you provide practice problems on multiplying two matrices?,"Concert tickets are sold for a local music festival at $70 for an adult, $45 for a child, and $25 for a student. On a particular Thursday, there were 180 adults, 140 children, and 30 students who attended the festival. On the following Friday, the numbers were 200 adults, 160 children, and 45 students. The attendance for these days is represented by the matrix \( A = \begin{pmatrix} 180 & 140 & 30 \\ 200 & 160 & 45 \end{pmatrix} \). \( \text{(i) Construct a } 3 \times 1 \text{ matrix, } C, \text{ representing the ticket prices. (ii) Compute the matrix } B = AC. \text{ (iii) Explain the significance of each element in } B. \text{ (iv) Calculate the total revenue from ticket sales over the two days.}",41975,674dcdb4b00b977d048c931b,"The admission tickets to the Singapore Zoo are $50 for an adult, $36 for a child, and $20 for a senior citizen. On a particular Tuesday, there were 212 adults, 251 children, and 15 senior citizens who visited the Singapore Zoo and on a particular Wednesday, there were 231 adults, 266 children, and 12 senior citizens who visited the Singapore Zoo. The number of visitors on the particular Tuesday and Wednesday can be represented by the matrix V = \begin{pmatrix} 212 & 251 & 15 \\ 231 & 266 & 12 \end{pmatrix}. \text{ (i) Write a } 3 \times 1 \text{ matrix, P, to represent the price of the admission tickets. (ii) Find the matrix } T = VP. \text{ (iii) Explain what each of the elements represents. (iv) Find the total amount collected from the sales of the tickets for the 2 days.}",,
False,1,True,01JERXCQQ22975HFTZ40JT7X8C,I need some exercises involving matrix multiplication; can you help?,"A local amusement park charges $60 for adults, $40 for children, and $25 for senior citizens. On a sunny weekend, the visitors included 180 adults, 270 children, and 30 senior citizens on Saturday, and 195 adults, 260 children, and 20 senior citizens on Sunday. These numbers can be represented by the matrix V = \begin{pmatrix} 180 & 270 & 30 \\ 195 & 260 & 20 \end{pmatrix}. (i) Construct a 3 \times 1 matrix, P, to depict the ticket prices. (ii) Calculate the matrix T = VP. (iii) Interpret the elements in matrix T. (iv) Determine the total revenue amassed from ticket sales over the weekend.",34700,674dcdb4b00b977d048c931b,"The admission tickets to the Singapore Zoo are $50 for an adult, $36 for a child, and $20 for a senior citizen. On a particular Tuesday, there were 212 adults, 251 children, and 15 senior citizens who visited the Singapore Zoo and on a particular Wednesday, there were 231 adults, 266 children, and 12 senior citizens who visited the Singapore Zoo. The number of visitors on the particular Tuesday and Wednesday can be represented by the matrix V = \begin{pmatrix} 212 & 251 & 15 \\ 231 & 266 & 12 \end{pmatrix}. \text{ (i) Write a } 3 \times 1 \text{ matrix, P, to represent the price of the admission tickets. (ii) Find the matrix } T = VP. \text{ (iii) Explain what each of the elements represents. (iv) Find the total amount collected from the sales of the tickets for the 2 days.}",,
False,1,True,01JERXCR1V9VAFJ65A6PFG9CQN,Where can I find practice questions on multiplication of matrices?,"The prices for admission to the National Aquarium are $45 for an adult, $30 for a child, and $25 for a senior citizen. On a recent Monday, 180 adults, 240 children, and 20 senior citizens visited, while on Wednesday, 210 adults, 260 children, and 15 senior citizens visited the aquarium. Represent the visitors on Monday and Wednesday with the matrix V = \begin{pmatrix} 180 & 240 & 20 \\ 210 & 260 & 15 \end{pmatrix}. (i) Construct a 3 \times 1 matrix, P, for the ticket prices. (ii) Compute the matrix T = VP. (iii) Describe what each element of matrix T indicates. (iv) Calculate the total revenue collected over these two days.",29675,674dcdb4b00b977d048c931b,"The admission tickets to the Singapore Zoo are $50 for an adult, $36 for a child, and $20 for a senior citizen. On a particular Tuesday, there were 212 adults, 251 children, and 15 senior citizens who visited the Singapore Zoo and on a particular Wednesday, there were 231 adults, 266 children, and 12 senior citizens who visited the Singapore Zoo. The number of visitors on the particular Tuesday and Wednesday can be represented by the matrix V = \begin{pmatrix} 212 & 251 & 15 \\ 231 & 266 & 12 \end{pmatrix}. \text{ (i) Write a } 3 \times 1 \text{ matrix, P, to represent the price of the admission tickets. (ii) Find the matrix } T = VP. \text{ (iii) Explain what each of the elements represents. (iv) Find the total amount collected from the sales of the tickets for the 2 days.}",,
False,1,True,01JERXD6RHS78PTV71FHE7QTKQ,Do you have any sample questions on multiplying two matrices?,"The prices of tickets for entry to the fictional ""Aquatic Adventure Park"" are $45 for an adult, $30 for a child, and $25 for a senior citizen. Consider that on a specific Thursday, there were 200 adults, 240 children, and 20 senior citizens, and on a specific Friday, there were 220 adults, 250 children, and 15 senior citizens who visited the park. Represent the number of visitors in matrix form as W = \begin{pmatrix} 200 & 240 & 20 \\ 220 & 250 & 15 \end{pmatrix}.  
(i) Formulate a 3 \times 1 matrix Q for the price of tickets.  
(ii) Calculate the product matrix U = WQ. 
(iii) Clarify the meaning of each entry in matrix U. 
(iv) Determine the overall revenue generated from ticket sales over these two days.",34475,674dcdb4b00b977d048c931b,"The admission tickets to the Singapore Zoo are $50 for an adult, $36 for a child, and $20 for a senior citizen. On a particular Tuesday, there were 212 adults, 251 children, and 15 senior citizens who visited the Singapore Zoo and on a particular Wednesday, there were 231 adults, 266 children, and 12 senior citizens who visited the Singapore Zoo. The number of visitors on the particular Tuesday and Wednesday can be represented by the matrix V = \begin{pmatrix} 212 & 251 & 15 \\ 231 & 266 & 12 \end{pmatrix}. \text{ (i) Write a } 3 \times 1 \text{ matrix, P, to represent the price of the admission tickets. (ii) Find the matrix } T = VP. \text{ (iii) Explain what each of the elements represents. (iv) Find the total amount collected from the sales of the tickets for the 2 days.}",,
False,1,True,01JERXDADSZT903CE3DXY0RDMS,Could you give me some problems to practice matrix multiplication?,"A university book fair sells textbooks and notebooks. The prices are $120 for a textbook, $15 for a notebook, and $5 for a bookmark. On Monday, they sold 55 textbooks, 120 notebooks, and 30 bookmarks. On Tuesday, they sold 68 textbooks, 145 notebooks, and 45 bookmarks. Represent the sales data for these two days in a matrix V = \begin{pmatrix} 55 & 120 & 30 \\ 68 & 145 & 45 \end{pmatrix}. 
(i) Construct a 3 x 1 matrix P to represent the prices of textbooks, notebooks, and bookmarks. 
(ii) Compute the matrix T = VP. 
(iii) Explain what the resulting matrix represents. 
(iv) Determine the total revenue generated from the sales over the two days.",19110,674dcdb4b00b977d048c931b,"The admission tickets to the Singapore Zoo are $50 for an adult, $36 for a child, and $20 for a senior citizen. On a particular Tuesday, there were 212 adults, 251 children, and 15 senior citizens who visited the Singapore Zoo and on a particular Wednesday, there were 231 adults, 266 children, and 12 senior citizens who visited the Singapore Zoo. The number of visitors on the particular Tuesday and Wednesday can be represented by the matrix V = \begin{pmatrix} 212 & 251 & 15 \\ 231 & 266 & 12 \end{pmatrix}. \text{ (i) Write a } 3 \times 1 \text{ matrix, P, to represent the price of the admission tickets. (ii) Find the matrix } T = VP. \text{ (iii) Explain what each of the elements represents. (iv) Find the total amount collected from the sales of the tickets for the 2 days.}",,
False,1,True,01JERXDKK1BHZG944AFE2XH13A,"Can you provide practice problems on finding the mean, median, and mode?","Sarah recorded the number of hours she spent reading each week for 9 weeks. The data she collected is shown in the following ordered list: \[ 3.5, 4, 5.5, 6, 6.5, 7, 8, 9, 10 \] Write down the median number of hours Sarah spent reading.",6.5,674dcd9cb00b977d048c92ff,"Ethan measures the amount of rain, in millimetres (mm), each day for 31 days. The bar chart shows his results. 

(a) Write down the median amount of rain.",,
False,1,True,01JERXDNHEVFGD69NNVY99X1ES,"I need exercises involving calculating mean, median, and mode; can you help?","Lily records the amount of sunlight, in hours, each day for a month (30 days) during June. She plots her results in a histogram. \(a\) Determine the median number of hours of sunlight in June.",7.5hours,674dcd9cb00b977d048c92ff,"Ethan measures the amount of rain, in millimetres (mm), each day for 31 days. The bar chart shows his results. 

(a) Write down the median amount of rain.",,
False,1,True,01JERXDR5AKRSX264CAXKDVH7A,"Where can I find practice questions on mean, median, and mode?","Emma records the temperature, in degrees Celsius (
abla C), each day for a full month. The line graph depicts her findings.

(a) Determine the median temperature for the month.",<calculatedmediantemperature>,674dcd9cb00b977d048c92ff,"Ethan measures the amount of rain, in millimetres (mm), each day for 31 days. The bar chart shows his results. 

(a) Write down the median amount of rain.",,
False,1,True,01JERXDWKWMBPERGCZFGB6789Z,"Do you have any sample questions on finding mean, median, and mode?","Sophia tracks the daily temperature, in degrees Celsius, for an entire month consisting of 30 days. The line graph below displays her results. \( \textbf{(a)} \) Determine the median temperature recorded during the month.",Mediantemperature=(T_{15}+T_{16})/2,674dcd9cb00b977d048c92ff,"Ethan measures the amount of rain, in millimetres (mm), each day for 31 days. The bar chart shows his results. 

(a) Write down the median amount of rain.",,
False,1,True,01JERXDZZRQ70F7ZMW56D205VR,"Could you give me some problems to practice calculating mean, median, and mode?",Emma records the number of hours of sunlight each day for a month (30 days) using a line graph that shows each day's sunlight duration. \(a\) Determine the median number of hours of sunlight over the 30 days.,Themedianistheaverageofthe15thand16thvaluesinthesorteddatalist.,674dcd9cb00b977d048c92ff,"Ethan measures the amount of rain, in millimetres (mm), each day for 31 days. The bar chart shows his results. 

(a) Write down the median amount of rain.",,
False,1,True,01JERXEJ110WRDAM2GM2SKXC39,I need exercises involving angle properties in circle geometry; can you help?,"P, Q, R, and S are four points on a circle with center X. PQ is a tangent to the circle at P and RQ is a tangent to the circle at R. Given that \( \angle PXQ = 148^\circ \) and \( \angle SPR = 38^\circ\), find the following: (a) Calculate (i) \( \angle PSR \), (ii) \( \angle QPR \). (b) Determine if XR is parallel to PS. Justify your reasoning.","(i)\(\anglePSR=74^\circ\),(ii)\(\angleQPR=52^\circ\).",674dcdb4b00b977d048c931a,"A, D, B, and C lie on a circle, center O. AP is a tangent to the circle at A and BP is a tangent to the circle at B. \angle AOB = 142^\circ \text{ and } \angle DAP = 42^\circ. \text{ (a) Find the value of (i) } \angle ACB, \text{ (ii) } \angle ADB. \text{ (b) Is OB parallel to AD? Explain.}",,
False,1,True,01JERXEE9XQ78ZKGWX8VS9GAJY,Can you provide practice problems on applying angle properties of circles?,"In the circle centered at point O, points W, X, Y, and Z are positioned on the circumference. If WY is a tangent to the circle at W and ZX is a tangent at Z, determine: (a) Given \( \angle WOZ = 148^\circ \) and \( \angle ZWX = 39^\circ \), find \( (i) \angle WYZ, (ii) \angle WXZ \). (b) Are the lines OZ and WX parallel? Provide a justification for your answer.",(i)\(\angleWYZ=74^\circ\);(ii)\(\angleWXZ=67^\circ\).LinesOZandWXarenotparallel.,674dcdb4b00b977d048c931a,"A, D, B, and C lie on a circle, center O. AP is a tangent to the circle at A and BP is a tangent to the circle at B. \angle AOB = 142^\circ \text{ and } \angle DAP = 42^\circ. \text{ (a) Find the value of (i) } \angle ACB, \text{ (ii) } \angle ADB. \text{ (b) Is OB parallel to AD? Explain.}",,
False,1,True,01JERXEPEHB00VE71HWXM3ATE4,Do you have any sample questions on angle properties of circles?,"Within circle \( O \), the points \( X, Q, Y, \) and \( Z \) lie on its circumference. Line \( XT \) is tangent to the circle at point \( X \) and line \( YT \) is tangent to the circle at point \( Y \). It is given that \( \angle XOY = 150^\circ \text{ and } \angle QXT = 36^\circ. \text{ (a) Determine the measure of: (i) } \angle XYZ, \text{ (ii) } \angle XQY. \text{ (b) Assess whether line \( OY \) is parallel to line \( XQ \). Provide a justification for your answer.}","(a)(i)30^\circ,(ii)36^\circ;(b)No,OYisnotparalleltoXQ.",674dcdb4b00b977d048c931a,"A, D, B, and C lie on a circle, center O. AP is a tangent to the circle at A and BP is a tangent to the circle at B. \angle AOB = 142^\circ \text{ and } \angle DAP = 42^\circ. \text{ (a) Find the value of (i) } \angle ACB, \text{ (ii) } \angle ADB. \text{ (b) Is OB parallel to AD? Explain.}",,
False,1,True,01JERXEKWQZ6BJ4AYFKACMHA97,Where can I find practice questions on angles in circles?,"In the figure, points E, F, G, and H lie on a circle with center I. EN is a tangent to the circle at E and FN is tangent to the circle at F. If \( \angle EIF = 156^\circ \) and \( \angle FEN = 35^\circ \), (a) find the measures of (i) \( \angle EHG \), (ii) \( \angle EIH \). (b) Are IF and EN parallel? Justify your answer.","(i)\(78^\circ\),(ii)\(35^\circ\),andIFisnotparalleltoEN.",674dcdb4b00b977d048c931a,"A, D, B, and C lie on a circle, center O. AP is a tangent to the circle at A and BP is a tangent to the circle at B. \angle AOB = 142^\circ \text{ and } \angle DAP = 42^\circ. \text{ (a) Find the value of (i) } \angle ACB, \text{ (ii) } \angle ADB. \text{ (b) Is OB parallel to AD? Explain.}",,
False,1,True,01JERXFP4P4FM46BDJ8CR5Y60H,Can you provide practice problems on applying rates in real-world contexts?,"A speed-time graph depicts the journey of a cyclist accelerating from rest. It is a straight line passing through the origin, reaching a speed of 25 m/s at t = 10 seconds. (a) Calculate the acceleration of the cyclist at t = 6 seconds.",2.5m/s^2,674dcde3b00b977d048c9356,The diagram is the speed-time graph for the first k seconds of the motion of an object. (a) Find the acceleration when \( t = 5 \).,,
False,1,True,01JERXFT5Q6572X9GXJKF90ZKG,Where can I find practice questions on rates in practical situations?,"A vehicle starts from rest, and its motion for the first k seconds is described by the speed-time graph below. (a) Calculate the acceleration at a point when the time is 5 seconds.","Thespecificaccelerationvaluewoulddependonthegivengraph,whichisnotprovidedinthisscenario.",674dcde3b00b977d048c9356,The diagram is the speed-time graph for the first k seconds of the motion of an object. (a) Find the acceleration when \( t = 5 \).,,
False,1,True,01JERXFQMGDBBYHH9X56D7YN5Z,I need exercises involving real-world rate applications; can you help?,The graph below illustrates the velocity over time for the first k seconds of a car's journey. (a) Calculate the acceleration at time \( t = 4 \) seconds.,"Theaccelerationiscalculatedbydeterminingtheslopeatt=4,whichis\(a=\frac{\Deltav}{\Deltat}\).",674dcde3b00b977d048c9356,The diagram is the speed-time graph for the first k seconds of the motion of an object. (a) Find the acceleration when \( t = 5 \).,,
False,1,True,01JERXG7TAM3D6107AT1PE72W5,Could you give me some problems to practice rates in real-world contexts?,"A ball is thrown vertically upward, and the speed-time graph for the first k seconds represents its motion. (a) Calculate the acceleration of the ball when \( t = 3 \, \text{s} \).","\(a=\frac{v_2-v_1}{2}\),where\(v_2\)and\(v_1\)arethespeedsat\(t=4\text{s}\)and\(t=2\text{s}\),respectively.",674dcde3b00b977d048c9356,The diagram is the speed-time graph for the first k seconds of the motion of an object. (a) Find the acceleration when \( t = 5 \).,,
False,1,True,01JERXGCSZYZ7ZNPTYHFBWHWPW,Can you provide practice problems on finding the probability of single events?,"A jar contains candies of three different colors: 14 are red, 10 are blue, and 16 are green. Sam picks a candy at random. What is the probability that the candy is not blue?",\frac{3}{4},674dcd9db00b977d048c9301,"(c) Ethan picks one of these days at random. Find the probability that, on that day, the amount of rain was 3 mm or more.",,
False,1,True,01JERXFK693QHAZWBQJ9CK0VM8,Could you give me some problems to practice applying angle properties in circles?,"Points W, X, Y, and Z lie on a circle, center M. WX is a tangent to the circle at W and YZ is a tangent to the circle at Y. Given that \( \angle XMY = 136^\circ \) and \( \angle ZWX = 46^\circ. \) (a) Find the value of (i) \( \angle XYZ, \) (ii) \( \angle WYZ. \) (b) Is XZ necessarily parallel to WY? Justify your answer.","(i)\(\angleXYZ=68^\circ,\)(ii)\(\angleWYZ=67^\circ.\)(b)XZandWYarenotnecessarilyparallelasanglesalonedonotguaranteeparallellinesgiventhecirclegeometrywithoutfurtherparallelspecificconditions.",674dcdb4b00b977d048c931a,"A, D, B, and C lie on a circle, center O. AP is a tangent to the circle at A and BP is a tangent to the circle at B. \angle AOB = 142^\circ \text{ and } \angle DAP = 42^\circ. \text{ (a) Find the value of (i) } \angle ACB, \text{ (ii) } \angle ADB. \text{ (b) Is OB parallel to AD? Explain.}",,
False,1,True,01JERXG4RM3A3KZDHMZQC4YS4E,Do you have any sample questions on applying rates to real-life problems?,The graph below shows the speed of a cyclist over the course of a journey. It represents the speed-time relationship during the first few seconds. (a) Determine the acceleration of the cyclist at the time marker of 7 seconds.,Theaccelerationis\(a\)m/sÂ²(withnumericalvaluedependingonthegivenspeedsinthegraph).,674dcde3b00b977d048c9356,The diagram is the speed-time graph for the first k seconds of the motion of an object. (a) Find the acceleration when \( t = 5 \).,,
False,1,True,01JERXGTNEVDX8TF7TZRE3QYDM,I need exercises involving probability of single events; can you help?,"A public library records the number of visitors each day for a month. In this month, 8 days had more than 50 visitors, 15 days had between 30 and 50 visitors, and 7 days had fewer than 30 visitors. If a day is selected at random from this month, what is the probability that the number of visitors on that day was 30 or more?",\(\frac{23}{30}\),674dcd9db00b977d048c9301,"(c) Ethan picks one of these days at random. Find the probability that, on that day, the amount of rain was 3 mm or more.",,
False,1,True,01JERXGVB3HDSDT3YKESD210J7,Where can I find practice questions on basic probability?,"A gardener is observing his plants over the course of 10 days. On 3 days, the plants receive exactly 5 hours of sunlight, on 4 days they receive 7 hours of sunlight, and on the remaining 3 days, they receive only 2 hours of sunlight. If the gardener picks a day at random, what is the probability that the plants received more than 4 hours of sunlight on that day?",\(\frac{7}{10}\),674dcd9db00b977d048c9301,"(c) Ethan picks one of these days at random. Find the probability that, on that day, the amount of rain was 3 mm or more.",,
False,1,True,01JERXGWVYVWGVYPFVGV1RBM6S,Do you have any sample questions on calculating probabilities of single events?,"(a) Olivia chooses a card at random from a standard deck of 52 playing cards. What is the probability that the card is a face card (Jack, Queen, or King)?",3/13,674dcd9db00b977d048c9301,"(c) Ethan picks one of these days at random. Find the probability that, on that day, the amount of rain was 3 mm or more.",,
False,1,True,01JERXH0NQ4T4X8TTQGZZ0MFA1,Could you give me some problems to practice finding probability of single events?,"A weather station collected data over 30 consecutive days. On 10 of these days, the rainfall was recorded as 5 mm or more. If one day is selected at random, what is the probability that the rainfall on that day was less than 5 mm?",\(\frac{2}{3}\),674dcd9db00b977d048c9301,"(c) Ethan picks one of these days at random. Find the probability that, on that day, the amount of rain was 3 mm or more.",,
False,1,True,01JERXH6MDC9975YGFD0Z9GFDG,I need exercises involving elimination method for simultaneous equations; can you help?,"A chemist is working with two solutions: Solution A contains 7% of a certain chemical, and Solution B contains 3%. She needs to create a mixture that contains 8% of the chemical. If she uses x ml of Solution A and y ml of Solution B, the total volume of the mixture should be 100 ml. Find the values of x and y if the percentages satisfy the simultaneous equations: \( 7x + 3y = 800 \) and \( x + y = 100 \).","x=125ml,y=-25ml(Note:Reviewfortypographicalinputerrorsforunderstandingorcontext)",674dcd9fb00b977d048c9306,Solve the simultaneous equations: \( 7x + 2y = 8 \) and \( 3x - y = 3 \).,,
False,1,True,01JERXH698DB7P89GQEMCJT29J,Can you provide practice problems on solving simultaneous equations using elimination?,Solve the simultaneous equations: \[ 3x + 4y = 12 \] and \[ 5x - 2y = 7 \].,"x=3,y=-1",674dcd9fb00b977d048c9306,Solve the simultaneous equations: \( 7x + 2y = 8 \) and \( 3x - y = 3 \).,,
False,1,True,01JERXH8ARKEVFMDY59A70CQAD,Where can I find practice questions on solving equations by elimination?,"A company is planning to mix two types of coffee beans to create a new blend. They want to use two mixtures such that: \( 5x + 3y = 19 \) and \( 2x - 4y = 6 \). Find the quantities of each coffee bean type, \( x \) and \( y \), in the blend.","x=\frac{47}{13},y=\frac{4}{13}",674dcd9fb00b977d048c9306,Solve the simultaneous equations: \( 7x + 2y = 8 \) and \( 3x - y = 3 \).,,
False,1,True,01JERXHVDMMPRY1WKAQJ2YA5B9,I need exercises involving evaluating algebraic expressions; can you help?,"Given the equation \( 3^{15} \times 9 = 27 \times 3^y \), find the value of \( y \).",14,674dcdb5b00b977d048c931d,"Given that 2^{32} \times 1 = 6 \times 8^x, \text{ find the value of } x.",,
False,1,True,01JERXHD3GS41BSQQWFX3A13YH,Do you have any sample questions on elimination method for simultaneous equations?,Solve the simultaneous equations by elimination method: \( 5x + y = 7 \) and \( -2x + 3y = 13 \).,"x=\frac{34}{13},y=\frac{-79}{13}",674dcd9fb00b977d048c9306,Solve the simultaneous equations: \( 7x + 2y = 8 \) and \( 3x - y = 3 \).,,
False,1,True,01JERXHQSJTG1M2590RWF4D4Y5,Could you give me some problems to practice solving simultaneous equations by elimination?,"Two numbers are such that the sum of seven times the first number and five times the second number is 21, and the difference between twice the first number and three times the second number is 4. Find the numbers.","x=7,y=\frac{10}{3}",674dcd9fb00b977d048c9306,Solve the simultaneous equations: \( 7x + 2y = 8 \) and \( 3x - y = 3 \).,,
False,1,True,01JERXHTY8AH64T6E6ZFSCYCJY,Can you provide practice problems on evaluating algebraic formulas?,"Given that \( 3^{2y} = 54 \times 9^y \), \text{ find the value of } y.","Possiblesimplificationneededdependingonsetuperrors,primarydefinitionintaskfocuswassetforvariableneutrality,continuingtheprevioussolutionhighlightsnumericrecognition,reviseforexacty.",674dcdb5b00b977d048c931d,"Given that 2^{32} \times 1 = 6 \times 8^x, \text{ find the value of } x.",,
False,1,True,01JERXJDN0GKKS39GK7KN2KVQH,Do you have any sample questions on evaluating algebraic equations?,"If \( 4^{16} = 12 \times 16^{y} \), find the value of \( y \).",y=8,674dcdb5b00b977d048c931d,"Given that 2^{32} \times 1 = 6 \times 8^x, \text{ find the value of } x.",,
False,1,True,01JERXJJ63M1PNFSDB81RCPQMB,Could you give me some problems to practice evaluating algebraic formulas?,Solve for \( x \) in the equation \( 2^{40} + 3 = 9 \times 16^x \).,x=10,674dcdb5b00b977d048c931d,"Given that 2^{32} \times 1 = 6 \times 8^x, \text{ find the value of } x.",,
False,1,True,01JERXJB3462X9WDGAR7TA03MP,Where can I find practice questions on evaluating formulas?,The equation 3^{15} \cdot 2 = 9y^x has been established. Determine the value of x if y = 5.,x=0,674dcdb5b00b977d048c931d,"Given that 2^{32} \times 1 = 6 \times 8^x, \text{ find the value of } x.",,
False,1,True,01JERXKK05NZWHD0R1ENXSBK5M,What is the Fibonacci sequence used for in real life?,"Emma has a total of 240 mangoes, 320 bananas, and 400 cherries. She wants to arrange them into identical fruit trays. What is the maximum number of fruit trays that Emma can prepare?",80,674dcda0b00b977d048c9308,"Mary needs to pack 210 oranges, 252 apples and 294 pears into identical fruit baskets. (i) What is the largest possible number of fruit baskets that can be packed?",,
